Notes,Filename,Shortname,Identifier,Authors,Journal,Month,Number,Pages,Publisher,Title,Volume,Year,URL,Producer,Total pages,Filesize (bytes),Optimized,PDF version,Has Trees,Number of tree figures,Total figures,Tables,Tree(s) in figure,Trees,Type,Data,Inference Method,Consensus method,Support values,Branch lengths,Tree(s) on figure,Trees,Type,Data,Inference Method,Consensus method,Support values,Branch lengths,Tree(s) in figure,Trees,Type,Data,Inference Method,Consensus method,Support values,Branch lengths,Tree(s) on figure,Trees,Type,Data,Inference Method,Consensus method,Support values,Branch lengths,Tree(s) on figure,Trees,Type,Data,Inference Method,Consensus method,Support values,Branch lengths,Tree(s) on figure,Trees,Type,Data,Inference Method,Consensus method,Support values,Branch lengths
,1471-2148-11-310.pdf,310,Borer2011,"Borer, Matthias and van Noort, Tom and Arrigo, Nils and Buerki, Sven and Alvarez, Nadir",BMC Evolutionary Biology,January,1,310,BioMed Central Ltd,"Does a shift in host plants trigger speciation in the Alpine leaf beetle Oreina speciosissima (Coleoptera, Chrysomelidae)?",11,2011,http://www.pubmedcentral.nih.gov/articlerender.fcgi?artid=3256130&tool=pmcentrez&rendertype=abstract,Acrobat Distiller 9.4.2 (Windows),11,943306,yes,1.4,1,2,4,1,3,1,rectangular,16s COI COII,MP,Strict,Bremer + BPP,No,3,4,unrooted splayed,AFLP,BI,,Bremer + BPP,Yes,,,,,,,,,,,,,,,,,,,,,,,,,,,,,,,,
,1471-2148-11-311.pdf,311,Silvestro2011,"Silvestro, Daniele and Schnitzler, Jan and Zizka, Georg",BMC Evolutionary Biology,October,1,,BioMed Central Ltd,A Bayesian framework to estimate diversification rates and their variation through time and space,11,2011,,Acrobat Distiller 9.4.2 (Windows),15,1310551,yes,1.4,0,0,5,5,,,,,,,,,,,,,,,,,,,,,,,,,,,,,,,,,,,,,,,,,,,,,,,,
,1471-2148-11-312.pdf,312,Hiwatashi2011,"Hiwatashi, Tomohide and Mikami, Akichika and Katsumura, Takafumi and Suryobroto, Bambang and Perwitasari-Farajallah, Dyah and Malaivijitnond, Suchinda and Siriaroonrat, Boripat and Oota, Hiroki and Goto, Shunji and Kawamura, Shoji",BMC Evolutionary Biology,January,1,312,BioMed Central Ltd,Gene conversion and purifying selection shape nucleotide variation in gibbon L/M opsin genes.,11,2011,http://www.pubmedcentral.nih.gov/articlerender.fcgi?artid=3213168&tool=pmcentrez&rendertype=abstract,Acrobat Distiller 9.4.2 (Windows),14,452975,yes,1.4,1,1,4,3,8,2,rectangular,exons introns of L/M opsin genes,,,BS,Yes,,,,,,,,,,,,,,,,,,,,,,,,,,,,,,,,,,,,,,,,
,1471-2148-11-313.pdf,313,Odeen2011,"\""{O}deen, Anders and H\aa stad, Olle and Alstr\""{o}m, Per",BMC Evolutionary Biology,January,1,313,BioMed Central Ltd,Evolution of ultraviolet vision in the largest avian radiation - the passerines.,11,2011,http://www.pubmedcentral.nih.gov/articlerender.fcgi?artid=3225180&tool=pmcentrez&rendertype=abstract,Acrobat Distiller 9.4.2 (Windows),8,338843,no,1.4,1,1,2,0,2,1,rectangular,Cytb + ND2 + nuclear myoglobin intron 2 + ODC introns 6 7 + TGFbeta2 intron 5 + c-myc exon 3 + RAG-1 + RAG-2,BI,50% majrule,BPP,Yes,,,,,,,,,,,,,,,,,,,,,,,,,,,,,,,,,,,,,,,,
,1471-2148-11-314.pdf,314,Chen2011,"Chen, Zhuo and Xu, Shixia and Zhou, Kaiya and Yang, Guang",BMC Evolutionary Biology,January,1,314,BioMed Central Ltd,Whale phylogeny and rapid radiation events revealed using novel retroposed elements and their flanking sequences.,11,2011,http://www.pubmedcentral.nih.gov/articlerender.fcgi?artid=3219603&tool=pmcentrez&rendertype=abstract,Acrobat Distiller 9.4.2 (Windows),15,2071981,yes,1.4,1,4,7,2,1,6,prev. hyp.,,,,,,2,4,prev. hyp.,,,,,,4,1,rectangular,none,none,na,no,no,5,1,timetree,flanking regions of 12 retrotransposed elements,BI,,BPP,yes,,,,,,,,,,,,,,,,
,1471-2148-11-315.pdf,315,Talavera2011,"Talavera, Gerard and Vila, Roger",BMC Evolutionary Biology,January,1,315,BioMed Central Ltd,What is the phylogenetic signal limit from mitogenomes? The reconciliation between mitochondrial and nuclear data in the Insecta class phylogeny.,11,2011,http://www.pubmedcentral.nih.gov/articlerender.fcgi?artid=3213125&tool=pmcentrez&rendertype=abstract,Acrobat Distiller 9.4.2 (Windows),15,1275023,yes,1.4,1,4,4,2,1,14,prev. hyp.,,,,,,2,3,rectangular,ML-AA BI-DNA BI-AA-CAT,ML BI,,BS BPP,yes,3,3,rectangular,AA DNA AA,ML BI,,BS BPP,yes,4,1,rectangular with collapsed clades,BI AA CAT,BI,,BPP,yes,,,,,,,,,,,,,,,,
,1471-2148-11-317.pdf,317,Bidegaray-Batista2011,"Bidegaray-Batista, Leticia and Arnedo, Miquel a",BMC Evolutionary Biology,January,1,317,BioMed Central Ltd,Gone with the plate: the opening of the Western Mediterranean basin drove the diversification of ground-dweller spiders.,11,2011,http://www.pubmedcentral.nih.gov/articlerender.fcgi?artid=3273451&tool=pmcentrez&rendertype=abstract,Acrobat Distiller 9.4.2 (Windows),15,2584968,yes,1.4,1,3,5,1,2,1,rectangular,,MP,Strict,no,no,3,1,timetree,genes and protein coding genes,BI,,,yes,5,1,trivial,,,,,,,,,,,,,,,,,,,,,,,,,,,,,
,1471-2148-11-318.pdf,318,Walling2011,"Walling, Craig a and Nussey, Daniel H and Morris, Alison and Clutton-Brock, Tim H and Kruuk, Loeske E B and Pemberton, Josephine M",BMC Evolutionary Biology,January,1,318,BioMed Central Ltd,Inbreeding depression in red deer calves.,11,2011,http://www.pubmedcentral.nih.gov/articlerender.fcgi?artid=3226574&tool=pmcentrez&rendertype=abstract,Acrobat Distiller 9.4.2 (Windows),13,517163,yes,1.4,0,0,3,3,,,,,,,,,,,,,,,,,,,,,,,,,,,,,,,,,,,,,,,,,,,,,,,,
awful raster fig 4,1471-2148-11-320.pdf,320,Jones2011,"Jones, Huw and Civ\'{a}ň, Peter and Cockram, James and Leigh, Fiona J and Smith, Lydia Mj and Jones, Martin K and Charles, Michael P and Molina-Cano, Jos\'{e}-Luis and Powell, Wayne and Jones, Glynis and Brown, Terence a",BMC Evolutionary Biology,January,1,320,BioMed Central Ltd,Evolutionary history of barley cultivation in Europe revealed by genetic analysis of extant landraces.,11,2011,http://www.pubmedcentral.nih.gov/articlerender.fcgi?artid=3248229&tool=pmcentrez&rendertype=abstract,Acrobat Distiller 9.4.2 (Windows),12,988394,yes,1.4,1,1,6,2,4,1,"unrooted, splayed",microsat genotype,NJ,,no,Yes,,,,,,,,,,,,,,,,,,,,,,,,,,,,,,,,,,,,,,,,
,1471-2148-11-322.pdf,322,Watanabe2011,"Watanabe, Maiko and Yonezawa, Takahiro and Lee, Ken-ichi and Kumagai, Susumu and Sugita-Konishi, Yoshiko and Goto, Keiichi and Hara-Kudo, Yukiko",BMC Evolutionary Biology,January,1,322,BioMed Central Ltd,Molecular phylogeny of the higher and lower taxonomy of the Fusarium genus and differences in the evolutionary histories of multiple genes.,11,2011,http://www.pubmedcentral.nih.gov/articlerender.fcgi?artid=3270093&tool=pmcentrez&rendertype=abstract,Acrobat Distiller 9.4.2 (Windows),16,525598,yes,1.4,1,6,7,2,1,1,rectangular,Ribosmal DNA,ML,,“BP”,Yes,2,1,rectangular,Beta-tub,ML,,BP,Yes,3,1,rectangular,EF-1alpha,ML,,BP,Yes,4,1,rectangular,lys2,ML,,BP,Yes,6,1,rectangular,rDNA + beta-tubulin + EF-1alpha,ML,,BP,yes,7,1,rectangular,lys2,ML,,BP,yes
,1471-2148-11-323.pdf,323,Franz2011,"Franz, Mathias and van der Post, Daniel and Sch\""{u}lke, Oliver and Ostner, Julia",BMC Evolutionary Biology,January,1,323,BioMed Central Ltd,The evolution of cooperative turn-taking in animal conflict.,11,2011,http://www.pubmedcentral.nih.gov/articlerender.fcgi?artid=3240838&tool=pmcentrez&rendertype=abstract,Acrobat Distiller 9.4.2 (Windows),14,568100,yes,1.4,,,,,,,,,,,,,,,,,,,,,,,,,,,,,,,,,,,,,,,,,,,,,,,,,,,,
,1471-2148-11-324.pdf,324,Barzel2011,"Barzel, Adi and Obolski, Uri and Gogarten, Johann Peter and Kupiec, Martin and Hadany, Lilach",BMC Evolutionary Biology,January,1,324,BioMed Central Ltd,Home and away- the evolutionary dynamics of homing endonucleases.,11,2011,http://www.pubmedcentral.nih.gov/articlerender.fcgi?artid=3229294&tool=pmcentrez&rendertype=abstract,Acrobat Distiller 9.4.2 (Windows),14,2657878,yes,1.4,,,,,,,,,,,,,,,,,,,,,,,,,,,,,,,,,,,,,,,,,,,,,,,,,,,,
,1471-2148-11-325.pdf,325,Carlson2011,"Carlson, Sara E and Howarth, Dianella G and Donoghue, Michael J",BMC Evolutionary Biology,January,1,325,BioMed Central Ltd,Diversification of CYCLOIDEA-like genes in Dipsacaceae (Dipsacales): implications for the evolution of capitulum inflorescences.,11,2011,http://www.pubmedcentral.nih.gov/articlerender.fcgi?artid=3224765&tool=pmcentrez&rendertype=abstract,Acrobat Distiller 9.4.2 (Windows),13,656711,yes,1.4,,,,,,,,,,,,,,,,,,,,,,,,,,,,,,,,,,,,,,,,,,,,,,,,,,,,
,1471-2148-11-326.pdf,326,LeNagard2011,"{Le Nagard}, Herv\'{e} and Chao, Lin and Tenaillon, Olivier",BMC Evolutionary Biology,January,1,326,BioMed Central Ltd,The emergence of complexity and restricted pleiotropy in adapting networks.,11,2011,http://www.pubmedcentral.nih.gov/articlerender.fcgi?artid=3224730&tool=pmcentrez&rendertype=abstract,Acrobat Distiller 9.4.2 (Windows),15,1684373,yes,1.4,,,,,,,,,,,,,,,,,,,,,,,,,,,,,,,,,,,,,,,,,,,,,,,,,,,,
,1471-2148-11-327.pdf,327,Bolund2011,"Bolund, Elisabeth and Schielzeth, Holger and Forstmeier, Wolfgang",BMC Evolutionary Biology,January,1,327,BioMed Central Ltd,Correlates of male fitness in captive zebra finches--a comparison of methods to disentangle genetic and environmental effects.,11,2011,http://www.pubmedcentral.nih.gov/articlerender.fcgi?artid=3229482&tool=pmcentrez&rendertype=abstract,Acrobat Distiller 9.4.2 (Windows),14,393805,yes,1.4,,,,,,,,,,,,,,,,,,,,,,,,,,,,,,,,,,,,,,,,,,,,,,,,,,,,
,1471-2148-11-328.pdf,328,Lippold2011,"Lippold, Sebastian and Matzke, Nicholas J and Reissmann, Monika and Hofreiter, Michael",BMC Evolutionary Biology,January,1,328,BioMed Central Ltd,Whole mitochondrial genome sequencing of domestic horses reveals incorporation of extensive wild horse diversity during domestication.,11,2011,http://www.pubmedcentral.nih.gov/articlerender.fcgi?artid=3247663&tool=pmcentrez&rendertype=abstract,Acrobat Distiller 9.4.2 (Windows),10,538910,yes,1.4,,,,,,,,,,,,,,,,,,,,,,,,,,,,,,,,,,,,,,,,,,,,,,,,,,,,
,1471-2148-11-329.pdf,329,Albo2011,"Albo, Maria J and Winther, Gudrun and Tuni, Cristina and Toft, S\o ren and Bilde, Trine",BMC Evolutionary Biology,January,1,329,BioMed Central Ltd,Worthless donations: male deception and female counter play in a nuptial gift-giving spider.,11,2011,http://www.pubmedcentral.nih.gov/articlerender.fcgi?artid=3228764&tool=pmcentrez&rendertype=abstract,Acrobat Distiller 9.4.2 (Windows),8,276557,yes,1.4,,,,,,,,,,,,,,,,,,,,,,,,,,,,,,,,,,,,,,,,,,,,,,,,,,,,
,1471-2148-11-330.pdf,330,Natale2011,"Natale, Alfonso and Sims, Carrie and Chiusano, Maria L and Amoroso, Alessandro and D'Aniello, Enrico and Fucci, Laura and Krumlauf, Robb and Branno, Margherita and Locascio, Annamaria",BMC Evolutionary Biology,January,1,330,BioMed Central Ltd,Evolution of anterior Hox regulatory elements among chordates.,11,2011,http://www.pubmedcentral.nih.gov/articlerender.fcgi?artid=3227721&tool=pmcentrez&rendertype=abstract,Acrobat Distiller 9.4.2 (Windows),19,2923090,yes,1.4,,,,,,,,,,,,,,,,,,,,,,,,,,,,,,,,,,,,,,,,,,,,,,,,,,,,
,1471-2148-11-331.pdf,331,Sekimoto2011f,"Sekimoto, Satoshi and Rochon, D'Ann and Long, Jennifer E and Dee, Jaclyn M and Berbee, Mary L",BMC Evolutionary Biology,January,,331,BioMed Central Ltd,A multigene phylogeny of Olpidium and its implications for early fungal evolution.,11,2011,http://www.pubmedcentral.nih.gov/articlerender.fcgi?artid=3247622&tool=pmcentrez&rendertype=abstract,Acrobat Distiller 9.4.2 (Windows),10,2902436,yes,1.4,,,,,,,,,,,,,,,,,,,,,,,,,,,,,,,,,,,,,,,,,,,,,,,,,,,,
,1471-2148-11-332.pdf,332,DosSantos2011,"{Dos Santos}, Sandra and Mazan, Sylvie and Venkatesh, Byrappa and Cohen-Tannoudji, Jo\""{e}lle and Qu\'{e}rat, Bruno",BMC Evolutionary Biology,January,1,332,BioMed Central Ltd,Emergence and evolution of the glycoprotein hormone and neurotrophin gene families in vertebrates.,11,2011,http://www.pubmedcentral.nih.gov/articlerender.fcgi?artid=3280201&tool=pmcentrez&rendertype=abstract,Acrobat Distiller 9.4.2 (Windows),18,2672881,yes,1.4,,,,,,,,,,,,,,,,,,,,,,,,,,,,,,,,,,,,,,,,,,,,,,,,,,,,
,1471-2148-11-333.pdf,333,Garcia2011,"Garcia, Jesus T and Alda, Fernando and Terraube, Julien and Mougeot, Fran\c{c}ois and Sternalski, Audrey and Bretagnolle, Vincent and Arroyo, Beatriz",BMC Evolutionary Biology,January,1,333,BioMed Central Ltd,"Demographic history, genetic structure and gene flow in a steppe-associated raptor species.",11,2011,http://www.pubmedcentral.nih.gov/articlerender.fcgi?artid=3235524&tool=pmcentrez&rendertype=abstract,Acrobat Distiller 9.4.2 (Windows),11,1061138,yes,1.4,,,,,,,,,,,,,,,,,,,,,,,,,,,,,,,,,,,,,,,,,,,,,,,,,,,,
,1471-2148-11-335.pdf,335,VanderPost2011,"van der Post, Daniel J and Semmann, Dirk",BMC Evolutionary Biology,January,1,335,BioMed Central Ltd,"Patch depletion, niche structuring and the evolution of co-operative foraging.",11,2011,http://www.pubmedcentral.nih.gov/articlerender.fcgi?artid=3306211&tool=pmcentrez&rendertype=abstract,Acrobat Distiller 9.4.2 (Windows),17,2110033,yes,1.4,,,,,,,,,,,,,,,,,,,,,,,,,,,,,,,,,,,,,,,,,,,,,,,,,,,,
,1471-2148-11-336.pdf,336,Taylor2011,"Taylor, Derek J and Dittmar, Katharina and Ballinger, Matthew J and Bruenn, Jeremy a",BMC Evolutionary Biology,January,1,336,BioMed Central Ltd,Evolutionary maintenance of filovirus-like genes in bat genomes.,11,2011,http://www.pubmedcentral.nih.gov/articlerender.fcgi?artid=3229293&tool=pmcentrez&rendertype=abstract,Acrobat Distiller 9.4.2 (Windows),12,1517719,yes,1.4,,,,,,,,,,,,,,,,,,,,,,,,,,,,,,,,,,,,,,,,,,,,,,,,,,,,
,1471-2148-11-337.pdf,337,Li2011,"Li, Jia and Waterhouse, Robert M and Zdobnov, Evgeny M",BMC Evolutionary Biology,January,1,337,BioMed Central Ltd,A remarkably stable TipE gene cluster: evolution of insect Para sodium channel auxiliary subunits.,11,2011,http://www.pubmedcentral.nih.gov/articlerender.fcgi?artid=3240667&tool=pmcentrez&rendertype=abstract,Acrobat Distiller 9.4.2 (Windows),11,355635,yes,1.4,,,,,,,,,,,,,,,,,,,,,,,,,,,,,,,,,,,,,,,,,,,,,,,,,,,,
,1471-2148-11-341.pdf,341,Fiz-Palacios2011,"Fiz-Palacios, Omar and Schneider, Harald and Heinrichs, Jochen and Savolainen, Vincent",BMC Evolutionary Biology,January,1,341,BioMed Central Ltd,Diversification of land plants: insights from a family-level phylogenetic analysis.,11,2011,http://www.pubmedcentral.nih.gov/articlerender.fcgi?artid=3227728&tool=pmcentrez&rendertype=abstract,Acrobat Distiller 9.4.2 (Windows),10,1703641,yes,1.4,,,,,,,,,,,,,,,,,,,,,,,,,,,,,,,,,,,,,,,,,,,,,,,,,,,,
,1471-2148-11-343.pdf,343,Barber2011,"Barber, Brian R and Unmack, Peter J and P\'{e}rez-Losada, Marcos and Johnson, Jerald B and Crandall, Keith a",BMC Evolutionary Biology,January,1,343,BioMed Central Ltd,Different processes lead to similar patterns: a test of codivergence and the role of sea level and climate changes in shaping a southern temperate freshwater assemblage.,11,2011,http://www.pubmedcentral.nih.gov/articlerender.fcgi?artid=3238299&tool=pmcentrez&rendertype=abstract,Acrobat Distiller 9.4.2 (Windows),9,1129703,yes,1.4,,,,,,,,,,,,,,,,,,,,,,,,,,,,,,,,,,,,,,,,,,,,,,,,,,,,
,1471-2148-11-344.pdf,344,Abellan2011,"Abell\'{a}n, Pedro and Ribera, Ignacio",BMC Evolutionary Biology,January,1,344,BioMed Central Ltd,Geographic location and phylogeny are the main determinants of the size of the geographical range in aquatic beetles.,11,2011,http://www.pubmedcentral.nih.gov/articlerender.fcgi?artid=3247920&tool=pmcentrez&rendertype=abstract,Acrobat Distiller 9.4.2 (Windows),15,463319,yes,1.4,,,,,,,,,,,,,,,,,,,,,,,,,,,,,,,,,,,,,,,,,,,,,,,,,,,,
,1471-2148-11-345.pdf,345,Watve2011,"Watve, Milind G and Damle, Anuja and Ganguly, Bratati and Kale, Anagha and Dahanukar, Neelesh",BMC Evolutionary Biology,January,1,345,BioMed Central Ltd,Blackmailing: the keystone in the human mating system.,11,2011,http://www.pubmedcentral.nih.gov/articlerender.fcgi?artid=3247298&tool=pmcentrez&rendertype=abstract,Acrobat Distiller 9.4.2 (Windows),11,2295772,yes,1.4,,,,,,,,,,,,,,,,,,,,,,,,,,,,,,,,,,,,,,,,,,,,,,,,,,,,
,1471-2148-11-348.pdf,348,Sandrock2011,"Sandrock, Christoph and Schirrmeister, Bettina E and Vorburger, Christoph",BMC Evolutionary Biology,January,1,348,BioMed Central Ltd,Evolution of reproductive mode variation and host associations in a sexual-asexual complex of aphid parasitoids.,11,2011,http://www.pubmedcentral.nih.gov/articlerender.fcgi?artid=3259107&tool=pmcentrez&rendertype=abstract,Acrobat Distiller 9.4.2 (Windows),20,733338,yes,1.4,,,,,,,,,,,,,,,,,,,,,,,,,,,,,,,,,,,,,,,,,,,,,,,,,,,,
,1471-2148-11-350.pdf,350,Monjane2011,"Monjane, Ad\'{e}rito L and van der Walt, Eric and Varsani, Arvind and Rybicki, Edward P and Martin, Darren P",BMC Evolutionary Biology,January,1,350,BioMed Central Ltd,Recombination hotspots and host susceptibility modulate the adaptive value of recombination during maize streak virus evolution.,11,2011,http://www.pubmedcentral.nih.gov/articlerender.fcgi?artid=3280948&tool=pmcentrez&rendertype=abstract,Acrobat Distiller 9.4.2 (Windows),14,444503,yes,1.4,,,,,,,,,,,,,,,,,,,,,,,,,,,,,,,,,,,,,,,,,,,,,,,,,,,,
,1471-2148-11-351.pdf,351,VanderHorst2011,"van der Horst, Gerhard and Maree, Liana and Kotz\'{e}, Sanet H and O'Riain, M Justin",BMC Evolutionary Biology,January,1,351,BioMed Central Ltd,"Sperm structure and motility in the eusocial naked mole-rat, Heterocephalus glaber: a case of degenerative orthogenesis in the absence of sperm competition?",11,2011,http://www.pubmedcentral.nih.gov/articlerender.fcgi?artid=3247228&tool=pmcentrez&rendertype=abstract,Acrobat Distiller 9.4.2 (Windows),12,1866662,yes,1.4,,,,,,,,,,,,,,,,,,,,,,,,,,,,,,,,,,,,,,,,,,,,,,,,,,,,
,1471-2148-11-352.pdf,352,Alstrom2011,"Alstr\""{o}m, Per and H\""{o}hna, Sebastian and Gelang, Magnus and Ericson, Per G P and Olsson, Urban",BMC Evolutionary Biology,January,1,352,BioMed Central Ltd,Non-monophyly and intricate morphological evolution within the avian family Cettiidae revealed by multilocus analysis of a taxonomically densely sampled dataset.,11,2011,http://www.pubmedcentral.nih.gov/articlerender.fcgi?artid=3261208&tool=pmcentrez&rendertype=abstract,Acrobat Distiller 9.4.2 (Windows),17,2956294,yes,1.4,,,,,,,,,,,,,,,,,,,,,,,,,,,,,,,,,,,,,,,,,,,,,,,,,,,,
,1471-2148-11-353.pdf,353,Calsbeek2011,"Calsbeek, Ryan and Kuchta, Shawn",BMC Evolutionary Biology,January,1,353,BioMed Central Ltd,Predator mediated selection and the impact of developmental stage on viability in wood frog tadpoles (Rana sylvatica).,11,2011,http://www.pubmedcentral.nih.gov/articlerender.fcgi?artid=3283531&tool=pmcentrez&rendertype=abstract,Acrobat Distiller 9.4.2 (Windows),11,464573,yes,1.4,,,,,,,,,,,,,,,,,,,,,,,,,,,,,,,,,,,,,,,,,,,,,,,,,,,,
,1471-2148-11-354.pdf,354,Baker2011,"Baker, Richard H and Kuehl, Jennifer V and Wilkinson, Gerald S",BMC Evolutionary Biology,January,1,354,BioMed Central Ltd,The Enhancer of split complex arose prior to the diversification of schizophoran flies and is strongly conserved between Drosophila and stalk-eyed flies (Diopsidae).,11,2011,http://www.pubmedcentral.nih.gov/articlerender.fcgi?artid=3261227&tool=pmcentrez&rendertype=abstract,Acrobat Distiller 9.4.2 (Windows),15,1011178,yes,1.4,,,,,,,,,,,,,,,,,,,,,,,,,,,,,,,,,,,,,,,,,,,,,,,,,,,,
,1471-2148-11-355.pdf,355,Boratynski2011,"Boratyński, Zbyszek and Alves, Paulo C\'{e}lio and Berto, Stefano and Koskela, Esa and Mappes, Tapio and Melo-Ferreira, Jos\'{e}",BMC Evolutionary Biology,January,1,355,BioMed Central Ltd,Introgression of mitochondrial DNA among Myodes voles: consequences for energetics?,11,2011,http://www.pubmedcentral.nih.gov/articlerender.fcgi?artid=3260118&tool=pmcentrez&rendertype=abstract,Acrobat Distiller 9.4.2 (Windows),13,1329300,yes,1.4,,,,,,,,,,,,,,,,,,,,,,,,,,,,,,,,,,,,,,,,,,,,,,,,,,,,
,1471-2148-11-357.pdf,357,Naumann2011,"Naumann, Julia and Symmank, Lars and Samain, Marie-St\'{e}phanie and M\""{u}ller, Kai F and Neinhuis, Christoph and DePamphilis, Claude W and Wanke, Stefan",BMC Evolutionary Biology,January,1,357,BioMed Central Ltd,Chasing the hare - evaluating the phylogenetic utility of a nuclear single copy gene region at and below species level within the species rich group Peperomia (Piperaceae).,11,2011,http://www.pubmedcentral.nih.gov/articlerender.fcgi?artid=3252395&tool=pmcentrez&rendertype=abstract,Acrobat Distiller 9.4.2 (Windows),19,1917568,yes,1.4,,,,,,,,,,,,,,,,,,,,,,,,,,,,,,,,,,,,,,,,,,,,,,,,,,,,
,1471-2148-11-358.pdf,358,Munoz2011,"Mu\~{n}oz, Astrid G and Baxter, Simon W and Linares, Mauricio and Jiggins, Chris D",BMC Evolutionary Biology,January,1,358,BioMed Central Ltd,Deep mitochondrial divergence within a Heliconius butterfly species is not explained by cryptic speciation or endosymbiotic bacteria.,11,2011,http://www.pubmedcentral.nih.gov/articlerender.fcgi?artid=3287262&tool=pmcentrez&rendertype=abstract,Acrobat Distiller 9.4.2 (Windows),11,2269444,yes,1.4,,,,,,,,,,,,,,,,,,,,,,,,,,,,,,,,,,,,,,,,,,,,,,,,,,,,
,1471-2148-11-359.pdf,359,Keller2011,"Keller, Laurent and Peer, Katharina and Bernasconi, Christian and Taborsky, Michael and Shuker, David M",BMC Evolutionary Biology,January,1,359,BioMed Central Ltd,Inbreeding and selection on sex ratio in the bark beetle Xylosandrus germanus.,11,2011,http://www.pubmedcentral.nih.gov/articlerender.fcgi?artid=3265449&tool=pmcentrez&rendertype=abstract,Acrobat Distiller 9.4.2 (Windows),6,217693,yes,1.4,,,,,,,,,,,,,,,,,,,,,,,,,,,,,,,,,,,,,,,,,,,,,,,,,,,,
,1471-2148-11-360.pdf,360,Thomassen2011,"Thomassen, Gaute and Barson, Nicola J and Haugen, Thrond O and V\o llestad, L Asbj\o rn",BMC Evolutionary Biology,January,1,360,BioMed Central Ltd,Contemporary divergence in early life history in grayling (Thymallus thymallus).,11,2011,http://www.pubmedcentral.nih.gov/articlerender.fcgi?artid=3252335&tool=pmcentrez&rendertype=abstract,Acrobat Distiller 9.4.2 (Windows),10,621037,yes,1.4,,,,,,,,,,,,,,,,,,,,,,,,,,,,,,,,,,,,,,,,,,,,,,,,,,,,
,1471-2148-11-361.pdf,361,Grahnen2011,"Grahnen, Johan a and Nandakumar, Priyanka and Kubelka, Jan and Liberles, David a",BMC Evolutionary Biology,January,1,361,BioMed Central Ltd,Biophysical and structural considerations for protein sequence evolution.,11,2011,http://www.pubmedcentral.nih.gov/articlerender.fcgi?artid=3292521&tool=pmcentrez&rendertype=abstract,Acrobat Distiller 9.4.2 (Windows),18,1867741,yes,1.4,,,,,,,,,,,,,,,,,,,,,,,,,,,,,,,,,,,,,,,,,,,,,,,,,,,,
,1471-2148-11-362.pdf,362,Lemasson2011,"Lemasson, Alban and Ouattara, Karim and Petit, Eric J and Zuberb\""{u}hler, Klaus",BMC Evolutionary Biology,January,1,362,BioMed Central Ltd,Social learning of vocal structure in a nonhuman primate?,11,2011,http://www.pubmedcentral.nih.gov/articlerender.fcgi?artid=3260242&tool=pmcentrez&rendertype=abstract,Acrobat Distiller 9.4.2 (Windows),7,267430,yes,1.4,,,,,,,,,,,,,,,,,,,,,,,,,,,,,,,,,,,,,,,,,,,,,,,,,,,,
,1471-2148-11-363.pdf,363,Carneiro2011,"Carneiro, Mauricio O and Taubes, Clifford H and Hartl, Daniel L",BMC Evolutionary Biology,January,1,363,BioMed Central Ltd,Model transcriptional networks with continuously varying expression levels.,11,2011,http://www.pubmedcentral.nih.gov/articlerender.fcgi?artid=3270072&tool=pmcentrez&rendertype=abstract,Acrobat Distiller 9.4.2 (Windows),8,965150,yes,1.4,,,,,,,,,,,,,,,,,,,,,,,,,,,,,,,,,,,,,,,,,,,,,,,,,,,,
,1471-2148-11-364.pdf,364,Yenerall2011,"Yenerall, Paul and Krupa, Bradlee and Zhou, Leming",BMC Evolutionary Biology,January,1,364,BioMed Central Ltd,Mechanisms of intron gain and loss in Drosophila.,11,2011,http://www.pubmedcentral.nih.gov/articlerender.fcgi?artid=3296678&tool=pmcentrez&rendertype=abstract,Acrobat Distiller 9.4.2 (Windows),11,2340254,yes,1.4,,,,,,,,,,,,,,,,,,,,,,,,,,,,,,,,,,,,,,,,,,,,,,,,,,,,
,1471-2148-11-365.pdf,365,Colleye2011,"Colleye, Orphal and Vandewalle, Pierre and Lanterbecq, D\'{e}borah and Lecchini, David and Parmentier, Eric",BMC Evolutionary Biology,January,1,365,BioMed Central Ltd,Interspecific variation of calls in clownfishes: degree of similarity in closely related species.,11,2011,http://www.pubmedcentral.nih.gov/articlerender.fcgi?artid=3282713&tool=pmcentrez&rendertype=abstract,Acrobat Distiller 9.4.2 (Windows),9,1144761,yes,1.4,,,,,,,,,,,,,,,,,,,,,,,,,,,,,,,,,,,,,,,,,,,,,,,,,,,,
,1471-2148-11-366.pdf,366,Hangartner2011,"Hangartner, Sandra and Laurila, Anssi and R\""{a}s\""{a}nen, Katja",BMC Evolutionary Biology,January,1,366,BioMed Central Ltd,Adaptive divergence of the moor frog (Rana arvalis) along an acidification gradient.,11,2011,http://www.pubmedcentral.nih.gov/articlerender.fcgi?artid=3305689&tool=pmcentrez&rendertype=abstract,Acrobat Distiller 9.4.2 (Windows),12,365829,yes,1.4,,,,,,,,,,,,,,,,,,,,,,,,,,,,,,,,,,,,,,,,,,,,,,,,,,,,
,1471-2148-11-367.pdf,367,Dievart2011,"Di\'{e}vart, Anne and Gilbert, Nicolas and Droc, Ga\'{e}tan and Attard, Agn\`{e}s and Gourgues, Matthieu and Guiderdoni, Emmanuel and P\'{e}rin, Christophe",BMC Evolutionary Biology,January,1,367,BioMed Central Ltd,Leucine-rich repeat receptor kinases are sporadically distributed in eukaryotic genomes.,11,2011,http://www.pubmedcentral.nih.gov/articlerender.fcgi?artid=3268121&tool=pmcentrez&rendertype=abstract,Acrobat Distiller 9.4.2 (Windows),9,480052,yes,1.4,,,,,,,,,,,,,,,,,,,,,,,,,,,,,,,,,,,,,,,,,,,,,,,,,,,,
,1471-2148-11-368.pdf,368,Areal2011,"Areal, Helena and Abrantes, Joana and Esteves, Pedro J",BMC Evolutionary Biology,January,1,368,BioMed Central Ltd,Signatures of positive selection in Toll-like receptor (TLR) genes in mammals.,11,2011,http://www.pubmedcentral.nih.gov/articlerender.fcgi?artid=3276489&tool=pmcentrez&rendertype=abstract,Acrobat Distiller 9.4.2 (Windows),14,2146928,yes,1.4,,,,,,,,,,,,,,,,,,,,,,,,,,,,,,,,,,,,,,,,,,,,,,,,,,,,
,1471-2148-11-369.pdf,369,Zhong2011,"Zhong, Min and Hansen, Benjamin and Nesnidal, Maximilian and Golombek, Anja and Halanych, Kenneth M and Struck, Torsten H",BMC Evolutionary Biology,January,1,369,BioMed Central Ltd,Detecting the symplesiomorphy trap: a multigene phylogenetic analysis of terebelliform annelids.,11,2011,http://www.pubmedcentral.nih.gov/articlerender.fcgi?artid=3282830&tool=pmcentrez&rendertype=abstract,Acrobat Distiller 9.4.2 (Windows),15,810082,yes,1.4,,,,,,,,,,,,,,,,,,,,,,,,,,,,,,,,,,,,,,,,,,,,,,,,,,,,
,1471-2148-11-370.pdf,370,Ironside2011,"Ironside, Joseph E and Smith, Judith E and Hatcher, Melanie J and Dunn, Alison M",BMC Evolutionary Biology,January,1,370,BioMed Central Ltd,Should sex-ratio distorting parasites abandon horizontal transmission?,11,2011,http://www.pubmedcentral.nih.gov/articlerender.fcgi?artid=3268771&tool=pmcentrez&rendertype=abstract,Acrobat Distiller 9.4.2 (Windows),12,454978,yes,1.4,,,,,,,,,,,,,,,,,,,,,,,,,,,,,,,,,,,,,,,,,,,,,,,,,,,,
,1471-2148-11-372.pdf,372,Thaler2011,"Thaler, Andrew D and Zelnio, Kevin and Saleu, William and Schultz, Thomas F and Carlsson, Jens and Cunningham, Clifford and Vrijenhoek, Robert C and {Van Dover}, Cindy L",BMC Evolutionary Biology,January,1,372,BioMed Central Ltd,"The spatial scale of genetic subdivision in populations of Ifremeria nautilei, a hydrothermal-vent gastropod from the southwest Pacific.",11,2011,http://www.pubmedcentral.nih.gov/articlerender.fcgi?artid=3265507&tool=pmcentrez&rendertype=abstract,Acrobat Distiller 9.4.2 (Windows),12,800583,yes,1.4,,,,,,,,,,,,,,,,,,,,,,,,,,,,,,,,,,,,,,,,,,,,,,,,,,,,
,1471-2148-11-373.pdf,373,Frankenberg2011,"Frankenberg, Stephen and Fenelon, Jane and Dopheide, Bonnie and Shaw, Geoff and Renfree, Marilyn B",BMC Evolutionary Biology,January,1,373,BioMed Central Ltd,A novel MSMB-related microprotein in the postovulatory egg coats of marsupials.,11,2011,http://www.pubmedcentral.nih.gov/articlerender.fcgi?artid=3268785&tool=pmcentrez&rendertype=abstract,Acrobat Distiller 9.4.2 (Windows),13,1378076,yes,1.4,,,,,,,,,,,,,,,,,,,,,,,,,,,,,,,,,,,,,,,,,,,,,,,,,,,,
,1471-2148-12-10.pdf,10,Podder2012,"Podder, Soumita and Ghosh, Tapash Chandra",BMC Evolutionary Biology,January,1,10,BioMed Central Ltd,Evolutionary dynamics of human autoimmune disease genes and malfunctioned immunological genes.,12,2012,http://www.pubmedcentral.nih.gov/articlerender.fcgi?artid=3347981&tool=pmcentrez&rendertype=abstract,Acrobat Distiller 9.4.2 (Windows),11,464048,yes,1.4,,,,,,,,,,,,,,,,,,,,,,,,,,,,,,,,,,,,,,,,,,,,,,,,,,,,
,1471-2148-12-11.pdf,11,Berenos2012,"B\'{e}r\'{e}nos, Camillo and Schmid-Hempel, Paul and Wegner, K Mathias",BMC Evolutionary Biology,January,1,11,BioMed Central Ltd,Complex adaptive responses during antagonistic coevolution between Tribolium castaneum and its natural parasite Nosema whitei revealed by multiple fitness components.,12,2012,http://www.pubmedcentral.nih.gov/articlerender.fcgi?artid=3305629&tool=pmcentrez&rendertype=abstract,Acrobat Distiller 9.4.2 (Windows),10,422759,yes,1.4,,,,,,,,,,,,,,,,,,,,,,,,,,,,,,,,,,,,,,,,,,,,,,,,,,,,
,1471-2148-12-12.pdf,12,Yin2012,"Yin, Mingbo and Petrusek, Adam and Seda, Jaromir and Wolinska, Justyna",BMC Evolutionary Biology,January,1,12,BioMed Central Ltd,Fine-scale temporal and spatial variation of taxon and clonal structure in the Daphnia longispina hybrid complex in heterogeneous environments.,12,2012,http://www.pubmedcentral.nih.gov/articlerender.fcgi?artid=3305588&tool=pmcentrez&rendertype=abstract,Acrobat Distiller 9.4.2 (Windows),12,974380,yes,1.4,,,,,,,,,,,,,,,,,,,,,,,,,,,,,,,,,,,,,,,,,,,,,,,,,,,,
,1471-2148-12-14.pdf,14,Rato2012,"Rato, Catarina and Carranza, Salvador and Harris, David J",BMC Evolutionary Biology,January,1,14,BioMed Central Ltd,"Evolutionary history of the genus Tarentola (Gekkota: Phyllodactylidae) from the Mediterranean Basin, estimated using multilocus sequence data.",12,2012,http://www.pubmedcentral.nih.gov/articlerender.fcgi?artid=3298722&tool=pmcentrez&rendertype=abstract,Acrobat Distiller 9.4.2 (Windows),12,2617899,yes,1.4,,,,,,,,,,,,,,,,,,,,,,,,,,,,,,,,,,,,,,,,,,,,,,,,,,,,
,1471-2148-12-15.pdf,15,22292855,"Li, Chun and Li, Meng and Dunwell, Jim and Zhang, Yuan-Ming",BMC Evolutionary Biology,,1,,BioMed Central Ltd,Gene duplication and an accelerated evolutionary rate in 11S globulin genes are associated with higher protein synthesis in dicots as compared to monocots,12,2012,http://www.biomedcentral.com/1471-2148/12/15,Acrobat Distiller 9.4.2 (Windows),9,774689,yes,1.4,,,,,,,,,,,,,,,,,,,,,,,,,,,,,,,,,,,,,,,,,,,,,,,,,,,,
,1471-2148-12-17.pdf,17,22316163,"Nie, Ze-Long and Sun, Hang and Manchester, Steven and Meng, Ying and Luke, Quentin and Wen, Jun",BMC Evolutionary Biology,,1,,BioMed Central Ltd,Evolution of the intercontinental disjunctions in six continents in the Ampelopsis clade of the grape family (Vitaceae),12,2012,http://www.biomedcentral.com/1471-2148/12/17,Acrobat Distiller 9.4.2 (Windows),13,2336097,yes,1.4,,,,,,,,,,,,,,,,,,,,,,,,,,,,,,,,,,,,,,,,,,,,,,,,,,,,
,1471-2148-12-18.pdf,18,Kerstes2012,"Kerstes, Niels a G and B\'{e}r\'{e}nos, Camillo and Schmid-Hempel, Paul and Wegner, K Mathias",BMC Evolutionary Biology,January,1,18,BioMed Central Ltd,Antagonistic experimental coevolution with a parasite increases host recombination frequency.,12,2012,http://www.pubmedcentral.nih.gov/articlerender.fcgi?artid=3293731&tool=pmcentrez&rendertype=abstract,Acrobat Distiller 9.4.2 (Windows),9,443063,yes,1.4,,,,,,,,,,,,,,,,,,,,,,,,,,,,,,,,,,,,,,,,,,,,,,,,,,,,
,1471-2148-12-19.pdf,19,22333134,"Rehm, Peter and Pick, Christian and Borner, Janus and Markl, Jurgen and Burmester, Thorsten",BMC Evolutionary Biology,,1,,BioMed Central Ltd,The diversity and evolution of chelicerate hemocyanins,12,2012,http://www.biomedcentral.com/1471-2148/12/19,Acrobat Distiller 9.4.2 (Windows),13,2230481,yes,1.4,,,,,,,,,,,,,,,,,,,,,,,,,,,,,,,,,,,,,,,,,,,,,,,,,,,,
,1471-2148-12-1.pdf,1,McLeish2012,"McLeish, Michael J and van Noort, Simon",BMC Evolutionary Biology,January,1,1,BioMed Central Ltd,Codivergence and multiple host species use by fig wasp populations of the Ficus pollination mutualism.,12,2012,http://www.pubmedcentral.nih.gov/articlerender.fcgi?artid=3299616&tool=pmcentrez&rendertype=abstract,Acrobat Distiller 9.4.2 (Windows),12,352075,yes,1.4,,,,,,,,,,,,,,,,,,,,,,,,,,,,,,,,,,,,,,,,,,,,,,,,,,,,
,1471-2148-12-20.pdf,20,Schaschl2012,"Schaschl, Helmut and Suchentrunk, Franz and Morris, David L and {Ben Slimen}, Hichem and Smith, Steve and Arnold, Walter",BMC Evolutionary Biology,January,1,20,BioMed Central Ltd,Sex-specific selection for MHC variability in Alpine chamois.,12,2012,http://www.pubmedcentral.nih.gov/articlerender.fcgi?artid=3340304&tool=pmcentrez&rendertype=abstract,Acrobat Distiller 9.4.2 (Windows),10,1150901,yes,1.4,,,,,,,,,,,,,,,,,,,,,,,,,,,,,,,,,,,,,,,,,,,,,,,,,,,,
,1471-2148-12-22.pdf,22,22340143,"Miao, Miao and Yang, Zhaoqing and Patch, Harland and Huang, Yaming and Escalante, Ananias and Cui, Liwang",BMC Evolutionary Biology,,1,,BioMed Central Ltd,Plasmodium vivax populations revisited: mitochondrial genomes of temperate strains in Asia suggest ancient population expansion,12,2012,http://www.biomedcentral.com/1471-2148/12/22,Acrobat Distiller 9.4.2 (Windows),13,1077664,yes,1.4,,,,,,,,,,,,,,,,,,,,,,,,,,,,,,,,,,,,,,,,,,,,,,,,,,,,
,1471-2148-12-23.pdf,23,Bacon2012,"Bacon, Christine D and McKenna, Miles J and Simmons, Mark P and Wagner, Warren L",BMC Evolutionary Biology,January,1,23,BioMed Central Ltd,Evaluating multiple criteria for species delimitation: an empirical example using Hawaiian palms (Arecaceae: Pritchardia).,12,2012,http://www.pubmedcentral.nih.gov/articlerender.fcgi?artid=3356231&tool=pmcentrez&rendertype=abstract,Acrobat Distiller 9.4.2 (Windows),18,2572710,yes,1.4,,,,,,,,,,,,,,,,,,,,,,,,,,,,,,,,,,,,,,,,,,,,,,,,,,,,
,1471-2148-12-24.pdf,24,Deason2012,"Deason, Michael L and Salas, Antonio and Newman, Simon P and Macaulay, Vincent a and {St A Morrison}, Errol Y and Pitsiladis, Yannis P",BMC Evolutionary Biology,January,1,24,BioMed Central Ltd,Interdisciplinary approach to the demography of Jamaica.,12,2012,http://www.pubmedcentral.nih.gov/articlerender.fcgi?artid=3299582&tool=pmcentrez&rendertype=abstract,Acrobat Distiller 9.4.2 (Windows),11,308070,yes,1.4,,,,,,,,,,,,,,,,,,,,,,,,,,,,,,,,,,,,,,,,,,,,,,,,,,,,
,1471-2148-12-25.pdf,25,Chen2012,"Chen, Bing and Wagner, Andreas",BMC Evolutionary Biology,January,1,25,BioMed Central Ltd,"Hsp90 is important for fecundity, longevity, and buffering of cryptic deleterious variation in wild fly populations.",12,2012,http://www.pubmedcentral.nih.gov/articlerender.fcgi?artid=3305614&tool=pmcentrez&rendertype=abstract,Acrobat Distiller 9.4.2 (Windows),16,712579,yes,1.4,,,,,,,,,,,,,,,,,,,,,,,,,,,,,,,,,,,,,,,,,,,,,,,,,,,,
provisional PDF,1471-2148-12-26.pdf,26,Pereira-da-Conceicoa2012,"Pereira-da-Conceicoa, Lyndall L and Price, Benjamin W and Barber-James, Helen M and Barker, Nigel P and de Moor, Ferdy C and Villet, Martin H",BMC Evolutionary Biology,February,1,26,BioMed Central Ltd,Cryptic variation in an ecological indicator organism: mitochondrial and nuclear DNA sequence data confirm distinct lineages of Baetis harrisoni Barnard (Ephemeroptera: Baetidae) in southern Africa.,12,2012,http://www.ncbi.nlm.nih.gov/pubmed/22373076,Acrobat Distiller 9.4.2 (Windows),31,1181316,no,1.3,,,,,,,,,,,,,,,,,,,,,,,,,,,,,,,,,,,,,,,,,,,,,,,,,,,,
correction,1471-2148-12-28.pdf,28,Dufourny2012,"Dufourny, Laurence and Levasseur, Anthony and Migaud, Martine and Callebaut, Isabelle and Pontarotti, Pierre and Malpaux, Benoit and Monget, Philippe",BMC Evolutionary Biology,,1,28,BioMed Central Ltd,Correction: GPR50 is the mammalian ortholog of Mel1c: Evidence of rapid evolution in mammals,12,2012,http://www.biomedcentral.com/1471-2148/12/28,Acrobat Distiller 9.4.2 (Windows),3,1552218,yes,1.4,,,,,,,,,,,,,,,,,,,,,,,,,,,,,,,,,,,,,,,,,,,,,,,,,,,,
,1471-2148-12-2.pdf,2,Guo2012,"Guo, Yan-Ping and Wang, Shuai-Zhen and Vogl, Claus and Ehrendorfer, Friedrich",BMC Evolutionary Biology,January,1,2,BioMed Central Ltd,Nuclear and plastid haplotypes suggest rapid diploid and polyploid speciation in the N Hemisphere Achillea millefolium complex (Asteraceae).,12,2012,http://www.pubmedcentral.nih.gov/articlerender.fcgi?artid=3269993&tool=pmcentrez&rendertype=abstract,Acrobat Distiller 9.4.2 (Windows),18,776585,yes,1.4,,,,,,,,,,,,,,,,,,,,,,,,,,,,,,,,,,,,,,,,,,,,,,,,,,,,
,1471-2148-12-30.pdf,30,22404786,"Chen, Ling-Yun and Chen, Jin-Ming and Gituru, Robert and Wang, Qing-Feng",BMC Evolutionary Biology,,1,,BioMed Central Ltd,"Generic phylogeny, historical biogeography and character evolution of the cosmopolitan aquatic plant family Hydrocharitaceae",12,2012,http://www.biomedcentral.com/1471-2148/12/30,Acrobat Distiller 9.4.2 (Windows),12,1932439,yes,1.4,,,,,,,,,,,,,,,,,,,,,,,,,,,,,,,,,,,,,,,,,,,,,,,,,,,,
,1471-2148-12-31.pdf,31,22409411,"Ovchinnikov, Sergey and Masta, Susan",BMC Evolutionary Biology,,1,,BioMed Central Ltd,"Pseudoscorpion mitochondria show rearranged genes and genome-wide reductions of RNA gene sizes and inferred structures, yet typical nucleotide composition bias",12,2012,http://www.biomedcentral.com/1471-2148/12/31,Acrobat Distiller 9.4.2 (Windows),19,1067931,yes,1.4,,,,,,,,,,,,,,,,,,,,,,,,,,,,,,,,,,,,,,,,,,,,,,,,,,,,
,1471-2148-12-32.pdf,32,22409430,"Tian, Hai-Feng and Feng, Jin-Mei and Wen, Jian-Fan",BMC Evolutionary Biology,,1,,BioMed Central Ltd,The evolution of cardiolipin biosynthesis and maturation pathways and its implications for the evolution of eukaryotes,12,2012,http://www.biomedcentral.com/1471-2148/12/32,Acrobat Distiller 9.4.2 (Windows),15,735018,yes,1.4,,,,,,,,,,,,,,,,,,,,,,,,,,,,,,,,,,,,,,,,,,,,,,,,,,,,
,1471-2148-12-33.pdf,33,Zhu2012,"Zhu, Zhen and Kim, Tae Won and Choe, Jae Chun",BMC Evolutionary Biology,January,1,33,BioMed Central Ltd,Is female preference for large sexual ornaments due to a bias to escape predation risk?,12,2012,http://www.pubmedcentral.nih.gov/articlerender.fcgi?artid=3313857&tool=pmcentrez&rendertype=abstract,Acrobat Distiller 9.4.2 (Windows),7,252139,yes,1.4,,,,,,,,,,,,,,,,,,,,,,,,,,,,,,,,,,,,,,,,,,,,,,,,,,,,
,1471-2148-12-34.pdf,34,22429626,"Gleixner, Eva and Herlyn, Holger and Zimmerling, Stefan and Burmester, Thorsten and Hankeln, Thomas",BMC Evolutionary Biology,,1,,BioMed Central Ltd,Testes-specific hemoglobins in Drosophila evolved by a combination of sub- and neofunctionalization after gene duplication,12,2012,http://www.biomedcentral.com/1471-2148/12/34,Acrobat Distiller 9.4.2 (Windows),12,1849748,yes,1.4,,,,,,,,,,,,,,,,,,,,,,,,,,,,,,,,,,,,,,,,,,,,,,,,,,,,
,1471-2148-12-35.pdf,35,Jones2011,"Jones, Huw and Civ\'{a}ň, Peter and Cockram, James and Leigh, Fiona J and Smith, Lydia Mj and Jones, Martin K and Charles, Michael P and Molina-Cano, Jos\'{e}-Luis and Powell, Wayne and Jones, Glynis and Brown, Terence a",BMC Evolutionary Biology,January,1,320,BioMed Central Ltd,Evolutionary history of barley cultivation in Europe revealed by genetic analysis of extant landraces.,11,2011,http://www.pubmedcentral.nih.gov/articlerender.fcgi?artid=3248229&tool=pmcentrez&rendertype=abstract,Acrobat Distiller 9.4.2 (Windows),8,528278,yes,1.4,,,,,,,,,,,,,,,,,,,,,,,,,,,,,,,,,,,,,,,,,,,,,,,,,,,,
,1471-2148-12-36.pdf,36,Azevedo2012,"Azevedo, Nath\'{a}lia F and Svartman, Marta and Manchester, Andrea and de Moraes-Barros, N\'{a}dia and Stanyon, Roscoe and Vianna-Morgante, Angela M",BMC Evolutionary Biology,January,1,36,BioMed Central Ltd,Chromosome painting in three-toed sloths: a cytogenetic signature and ancestral karyotype for Xenarthra.,12,2012,http://www.pubmedcentral.nih.gov/articlerender.fcgi?artid=3383463&tool=pmcentrez&rendertype=abstract,Acrobat Distiller 9.4.2 (Windows),12,2226287,yes,1.4,,,,,,,,,,,,,,,,,,,,,,,,,,,,,,,,,,,,,,,,,,,,,,,,,,,,
,1471-2148-12-3.pdf,3,Toomey2012,"Toomey, Matthew B and McGraw, Kevin J",BMC Evolutionary Biology,January,1,3,BioMed Central Ltd,Mate choice for a male carotenoid-based ornament is linked to female dietary carotenoid intake and accumulation.,12,2012,http://www.pubmedcentral.nih.gov/articlerender.fcgi?artid=3315416&tool=pmcentrez&rendertype=abstract,Acrobat Distiller 9.4.2 (Windows),13,2085092,no,1.6,,,,,,,,,,,,,,,,,,,,,,,,,,,,,,,,,,,,,,,,,,,,,,,,,,,,
,1471-2148-12-5.pdf,5,Mullon2012,"Mullon, Charles and Pomiankowski, Andrew and Reuter, Max",BMC Evolutionary Biology,January,1,5,BioMed Central Ltd,Molecular evolution of Drosophila Sex-lethal and related sex determining genes.,12,2012,http://www.pubmedcentral.nih.gov/articlerender.fcgi?artid=3292462&tool=pmcentrez&rendertype=abstract,Acrobat Distiller 9.4.2 (Windows),11,381554,yes,1.4,,,,,,,,,,,,,,,,,,,,,,,,,,,,,,,,,,,,,,,,,,,,,,,,,,,,
,1471-2148-12-6.pdf,6,Zhang2012,"Zhang, Xue-Cheng and Wang, Zheng and Zhang, Xinyan and Le, Mi Ha and Sun, Jianguo and Xu, Dong and Cheng, Jianlin and Stacey, Gary",BMC Evolutionary Biology,January,2007,6,BioMed Central Ltd,Evolutionary dynamics of protein domain architecture in plants.,12,2012,http://www.pubmedcentral.nih.gov/articlerender.fcgi?artid=3310802&tool=pmcentrez&rendertype=abstract,Acrobat Distiller 9.4.2 (Windows),12,467590,yes,1.4,,,,,,,,,,,,,,,,,,,,,,,,,,,,,,,,,,,,,,,,,,,,,,,,,,,,
,1471-2148-12-7.pdf,7,Ometto2012,"Ometto, Lino and Li, Mingai and Bresadola, Luisa and Varotto, Claudio",BMC Evolutionary Biology,January,1,7,BioMed Central Ltd,Rates of evolution in stress-related genes are associated with habitat preference in two Cardamine lineages.,12,2012,http://www.pubmedcentral.nih.gov/articlerender.fcgi?artid=3398273&tool=pmcentrez&rendertype=abstract,Acrobat Distiller 9.4.2 (Windows),17,491219,yes,1.4,,,,,,,,,,,,,,,,,,,,,,,,,,,,,,,,,,,,,,,,,,,,,,,,,,,,
,1471-2148-12-8.pdf,8,Buschiazzo2012,"Buschiazzo, Emmanuel and Ritland, Carol and Bohlmann, J\""{o}rg and Ritland, Kermit",BMC Evolutionary Biology,January,1,8,BioMed Central Ltd,Slow but not low: genomic comparisons reveal slower evolutionary rate and higher dN/dS in conifers compared to angiosperms.,12,2012,http://www.pubmedcentral.nih.gov/articlerender.fcgi?artid=3328258&tool=pmcentrez&rendertype=abstract,Acrobat Distiller 9.4.2 (Windows),15,1990592,yes,1.4,,,,,,,,,,,,,,,,,,,,,,,,,,,,,,,,,,,,,,,,,,,,,,,,,,,,
